day,date,n_obs_B,n_obs_E,dose_rate_B_uGyhr,dose_rate_E_uGyhr,source
0,2011-12-06,36,36,14.03612,16.59727,NASA_PDS_MSL-M-RAD-3-RDR-V1.0
1,2011-12-07,44,44,14.67518,17.71595,NASA_PDS_MSL-M-RAD-3-RDR-V1.0
2,2011-12-08,168,168,14.49343,17.66141,NASA_PDS_MSL-M-RAD-3-RDR-V1.0
3,2011-12-09,134,134,14.62693,17.75402,NASA_PDS_MSL-M-RAD-3-RDR-V1.0
4,2011-12-10,167,167,14.81166,18.028,NASA_PDS_MSL-M-RAD-3-RDR-V1.0
5,2011-12-11,168,168,14.91199,17.89411,NASA_PDS_MSL-M-RAD-3-RDR-V1.0
6,2011-12-12,167,167,14.6923,17.88517,NASA_PDS_MSL-M-RAD-3-RDR-V1.0
7,2011-12-13,156,156,14.97089,18.11803,NASA_PDS_MSL-M-RAD-3-RDR-V1.0
8,2011-12-14,131,131,15.18267,18.21793,NASA_PDS_MSL-M-RAD-3-RDR-V1.0
9,2011-12-15,167,167,15.09574,18.39457,NASA_PDS_MSL-M-RAD-3-RDR-V1.0
10,2011-12-16,154,154,15.17348,18.39509,NASA_PDS_MSL-M-RAD-3-RDR-V1.0
11,2011-12-17,165,165,15.07908,18.52984,NASA_PDS_MSL-M-RAD-3-RDR-V1.0
12,2011-12-18,167,167,15.15152,18.54803,NASA_PDS_MSL-M-RAD-3-RDR-V1.0
13,2011-12-19,167,167,14.95639,18.31263,NASA_PDS_MSL-M-RAD-3-RDR-V1.0
14,2011-12-20,142,142,14.61447,17.98158,NASA_PDS_MSL-M-RAD-3-RDR-V1.0
15,2011-12-21,138,138,14.52541,17.72179,NASA_PDS_MSL-M-RAD-3-RDR-V1.0
16,2011-12-22,154,154,14.52588,17.66595,NASA_PDS_MSL-M-RAD-3-RDR-V1.0
17,2011-12-23,167,167,14.46315,17.79083,NASA_PDS_MSL-M-RAD-3-RDR-V1.0
18,2011-12-24,167,167,14.81914,18.08121,NASA_PDS_MSL-M-RAD-3-RDR-V1.0
19,2011-12-25,167,167,14.66711,17.86657,NASA_PDS_MSL-M-RAD-3-RDR-V1.0
20,2011-12-26,168,168,14.72244,17.93393,NASA_PDS_MSL-M-RAD-3-RDR-V1.0
21,2011-12-27,167,167,14.74928,18.03445,NASA_PDS_MSL-M-RAD-3-RDR-V1.0
22,2011-12-28,167,167,14.89694,18.1283,NASA_PDS_MSL-M-RAD-3-RDR-V1.0
23,2011-12-29,167,167,14.54161,17.81923,NASA_PDS_MSL-M-RAD-3-RDR-V1.0
24,2011-12-30,167,167,14.26805,17.53768,NASA_PDS_MSL-M-RAD-3-RDR-V1.0
25,2011-12-31,167,167,14.39385,17.41084,NASA_PDS_MSL-M-RAD-3-RDR-V1.0
26,2012-01-01,168,168,14.27843,17.49824,NASA_PDS_MSL-M-RAD-3-RDR-V1.0
27,2012-01-02,335,335,14.24561,17.48243,NASA_PDS_MSL-M-RAD-3-RDR-V1.0
28,2012-01-03,169,169,14.11008,17.38643,NASA_PDS_MSL-M-RAD-3-RDR-V1.0
29,2012-01-04,168,168,14.20757,17.41738,NASA_PDS_MSL-M-RAD-3-RDR-V1.0
30,2012-01-05,116,116,14.01419,17.2497,NASA_PDS_MSL-M-RAD-3-RDR-V1.0
31,2012-01-06,151,151,14.54903,17.76006,NASA_PDS_MSL-M-RAD-3-RDR-V1.0
32,2012-01-07,168,168,14.71867,17.95988,NASA_PDS_MSL-M-RAD-3-RDR-V1.0
33,2012-01-08,98,98,15.03979,18.14407,NASA_PDS_MSL-M-RAD-3-RDR-V1.0
34,2012-01-09,168,168,14.87574,18.13787,NASA_PDS_MSL-M-RAD-3-RDR-V1.0
35,2012-01-10,166,166,15.0702,18.2277,NASA_PDS_MSL-M-RAD-3-RDR-V1.0
36,2012-01-11,146,146,14.63556,17.95504,NASA_PDS_MSL-M-RAD-3-RDR-V1.0
37,2012-01-12,145,145,14.91015,18.07262,NASA_PDS_MSL-M-RAD-3-RDR-V1.0
38,2012-01-13,134,134,14.61232,18.01204,NASA_PDS_MSL-M-RAD-3-RDR-V1.0
39,2012-01-14,143,143,14.54437,18.05865,NASA_PDS_MSL-M-RAD-3-RDR-V1.0
40,2012-01-15,167,167,14.82693,18.19905,NASA_PDS_MSL-M-RAD-3-RDR-V1.0
41,2012-01-16,168,168,14.7237,18.18389,NASA_PDS_MSL-M-RAD-3-RDR-V1.0
42,2012-01-17,135,135,14.74174,17.90709,NASA_PDS_MSL-M-RAD-3-RDR-V1.0
43,2012-01-18,156,156,14.91738,18.03386,NASA_PDS_MSL-M-RAD-3-RDR-V1.0
44,2012-01-19,136,136,14.87097,17.97376,NASA_PDS_MSL-M-RAD-3-RDR-V1.0
45,2012-01-20,151,151,14.83177,18.23413,NASA_PDS_MSL-M-RAD-3-RDR-V1.0
46,2012-01-21,167,167,14.7084,18.12969,NASA_PDS_MSL-M-RAD-3-RDR-V1.0
47,2012-01-22,167,167,14.66441,17.97376,NASA_PDS_MSL-M-RAD-3-RDR-V1.0
48,2012-01-23,167,167,44.93922,20.00163,NASA_PDS_MSL-M-RAD-3-RDR-V1.0
49,2012-01-24,167,167,35.09645,18.36647,NASA_PDS_MSL-M-RAD-3-RDR-V1.0
50,2012-01-25,141,141,16.58534,16.14767,NASA_PDS_MSL-M-RAD-3-RDR-V1.0
51,2012-01-26,145,145,13.64779,16.35914,NASA_PDS_MSL-M-RAD-3-RDR-V1.0
52,2012-01-27,166,166,30.84381,34.94222,NASA_PDS_MSL-M-RAD-3-RDR-V1.0
53,2012-01-28,66,66,74.78085,57.49517,NASA_PDS_MSL-M-RAD-3-RDR-V1.0
54,2012-01-29,45,45,19.33426,21.63962,NASA_PDS_MSL-M-RAD-3-RDR-V1.0
55,2012-01-30,44,44,14.58176,19.20542,NASA_PDS_MSL-M-RAD-3-RDR-V1.0
56,2012-01-31,36,36,13.72907,18.52504,NASA_PDS_MSL-M-RAD-3-RDR-V1.0
57,2012-02-01,45,45,13.16155,17.84515,NASA_PDS_MSL-M-RAD-3-RDR-V1.0
58,2012-02-02,45,45,12.51946,17.37936,NASA_PDS_MSL-M-RAD-3-RDR-V1.0
59,2012-02-03,45,45,13.27999,18.31364,NASA_PDS_MSL-M-RAD-3-RDR-V1.0
60,2012-02-04,45,45,13.77638,19.26012,NASA_PDS_MSL-M-RAD-3-RDR-V1.0
61,2012-02-05,45,45,14.02211,19.3923,NASA_PDS_MSL-M-RAD-3-RDR-V1.0
62,2012-02-06,46,46,13.79604,19.12871,NASA_PDS_MSL-M-RAD-3-RDR-V1.0
63,2012-02-08,8,8,14.02869,19.42748,NASA_PDS_MSL-M-RAD-3-RDR-V1.0
64,2012-02-09,44,44,13.8558,19.51234,NASA_PDS_MSL-M-RAD-3-RDR-V1.0
65,2012-02-10,36,36,13.68935,19.23606,NASA_PDS_MSL-M-RAD-3-RDR-V1.0
66,2012-02-11,43,43,14.00741,19.42139,NASA_PDS_MSL-M-RAD-3-RDR-V1.0
67,2012-02-12,44,44,14.27919,19.45443,NASA_PDS_MSL-M-RAD-3-RDR-V1.0
68,2012-02-13,39,39,13.7442,18.98788,NASA_PDS_MSL-M-RAD-3-RDR-V1.0
69,2012-02-15,44,44,13.64791,18.64427,NASA_PDS_MSL-M-RAD-3-RDR-V1.0
70,2012-02-16,46,46,12.77449,17.96996,NASA_PDS_MSL-M-RAD-3-RDR-V1.0
71,2012-02-18,39,39,13.38068,18.82662,NASA_PDS_MSL-M-RAD-3-RDR-V1.0
72,2012-02-19,44,44,13.73057,18.9581,NASA_PDS_MSL-M-RAD-3-RDR-V1.0
73,2012-02-20,45,45,13.72336,18.75778,NASA_PDS_MSL-M-RAD-3-RDR-V1.0
74,2012-02-21,45,45,13.89585,18.85137,NASA_PDS_MSL-M-RAD-3-RDR-V1.0
75,2012-02-22,41,41,13.99523,18.85558,NASA_PDS_MSL-M-RAD-3-RDR-V1.0
76,2012-02-23,45,45,13.89851,19.3642,NASA_PDS_MSL-M-RAD-3-RDR-V1.0
77,2012-02-24,45,45,13.91021,19.38503,NASA_PDS_MSL-M-RAD-3-RDR-V1.0
78,2012-02-25,45,45,14.13888,19.32124,NASA_PDS_MSL-M-RAD-3-RDR-V1.0
79,2012-02-26,45,45,13.87443,19.31258,NASA_PDS_MSL-M-RAD-3-RDR-V1.0
80,2012-02-27,45,45,13.9527,18.76105,NASA_PDS_MSL-M-RAD-3-RDR-V1.0
81,2012-02-28,45,45,13.16433,17.36518,NASA_PDS_MSL-M-RAD-3-RDR-V1.0
82,2012-02-29,45,45,12.94175,17.82243,NASA_PDS_MSL-M-RAD-3-RDR-V1.0
83,2012-03-01,45,45,13.61313,18.23525,NASA_PDS_MSL-M-RAD-3-RDR-V1.0
84,2012-03-02,45,45,13.53634,18.62136,NASA_PDS_MSL-M-RAD-3-RDR-V1.0
85,2012-03-03,45,45,13.89015,18.69552,NASA_PDS_MSL-M-RAD-3-RDR-V1.0
86,2012-03-04,45,45,13.5948,18.98925,NASA_PDS_MSL-M-RAD-3-RDR-V1.0
87,2012-03-05,45,45,13.69065,18.69674,NASA_PDS_MSL-M-RAD-3-RDR-V1.0
88,2012-03-06,46,46,13.54818,18.58537,NASA_PDS_MSL-M-RAD-3-RDR-V1.0
89,2012-03-07,71,71,64.50238,76.67066,NASA_PDS_MSL-M-RAD-3-RDR-V1.0
90,2012-03-08,87,87,408.18387,291.22973,NASA_PDS_MSL-M-RAD-3-RDR-V1.0
91,2012-03-09,85,85,130.02781,91.45882,NASA_PDS_MSL-M-RAD-3-RDR-V1.0
92,2012-03-10,47,47,34.88307,25.9479,NASA_PDS_MSL-M-RAD-3-RDR-V1.0
93,2012-03-11,45,45,17.34579,16.73481,NASA_PDS_MSL-M-RAD-3-RDR-V1.0
94,2012-03-12,45,45,12.70495,15.50114,NASA_PDS_MSL-M-RAD-3-RDR-V1.0
95,2012-03-13,45,45,15.45503,17.84327,NASA_PDS_MSL-M-RAD-3-RDR-V1.0
96,2012-03-14,45,45,15.35145,17.80601,NASA_PDS_MSL-M-RAD-3-RDR-V1.0
97,2012-03-15,45,45,12.3467,16.15389,NASA_PDS_MSL-M-RAD-3-RDR-V1.0
98,2012-03-16,46,46,12.21959,16.01021,NASA_PDS_MSL-M-RAD-3-RDR-V1.0
99,2012-03-17,44,44,12.04681,16.32827,NASA_PDS_MSL-M-RAD-3-RDR-V1.0
100,2012-03-18,45,45,12.63597,16.67836,NASA_PDS_MSL-M-RAD-3-RDR-V1.0
101,2012-03-19,45,45,12.56415,16.79371,NASA_PDS_MSL-M-RAD-3-RDR-V1.0
102,2012-03-20,46,46,12.65374,16.7177,NASA_PDS_MSL-M-RAD-3-RDR-V1.0
103,2012-03-21,45,45,12.93218,17.06279,NASA_PDS_MSL-M-RAD-3-RDR-V1.0
104,2012-03-22,45,45,13.21611,17.48028,NASA_PDS_MSL-M-RAD-3-RDR-V1.0
105,2012-03-23,45,45,13.06995,17.90808,NASA_PDS_MSL-M-RAD-3-RDR-V1.0
106,2012-03-24,45,45,13.23839,18.03763,NASA_PDS_MSL-M-RAD-3-RDR-V1.0
107,2012-03-25,45,45,13.19756,18.09402,NASA_PDS_MSL-M-RAD-3-RDR-V1.0
108,2012-03-26,32,32,13.34136,17.76612,NASA_PDS_MSL-M-RAD-3-RDR-V1.0
109,2012-03-27,45,45,13.52223,18.03333,NASA_PDS_MSL-M-RAD-3-RDR-V1.0
110,2012-03-28,45,45,14.06354,18.43764,NASA_PDS_MSL-M-RAD-3-RDR-V1.0
111,2012-03-29,45,45,13.78757,18.26608,NASA_PDS_MSL-M-RAD-3-RDR-V1.0
112,2012-03-30,45,45,13.14632,18.07981,NASA_PDS_MSL-M-RAD-3-RDR-V1.0
113,2012-03-31,45,45,13.30533,18.09084,NASA_PDS_MSL-M-RAD-3-RDR-V1.0
114,2012-04-01,45,45,13.22707,18.00408,NASA_PDS_MSL-M-RAD-3-RDR-V1.0
115,2012-04-02,45,45,13.26391,18.01472,NASA_PDS_MSL-M-RAD-3-RDR-V1.0
116,2012-04-03,45,45,13.39186,18.07555,NASA_PDS_MSL-M-RAD-3-RDR-V1.0
117,2012-04-04,45,45,13.38738,18.19404,NASA_PDS_MSL-M-RAD-3-RDR-V1.0
118,2012-04-05,45,45,13.51989,18.42415,NASA_PDS_MSL-M-RAD-3-RDR-V1.0
119,2012-04-06,17,17,13.44781,18.12795,NASA_PDS_MSL-M-RAD-3-RDR-V1.0
120,2012-04-07,44,44,12.84285,17.45072,NASA_PDS_MSL-M-RAD-3-RDR-V1.0
121,2012-04-08,45,45,13.11622,17.82836,NASA_PDS_MSL-M-RAD-3-RDR-V1.0
122,2012-04-09,4,4,11.99812,17.15203,NASA_PDS_MSL-M-RAD-3-RDR-V1.0
123,2012-04-10,45,45,13.40151,17.89489,NASA_PDS_MSL-M-RAD-3-RDR-V1.0
124,2012-04-11,45,45,13.43263,18.20781,NASA_PDS_MSL-M-RAD-3-RDR-V1.0
125,2012-04-12,45,45,13.40982,18.28798,NASA_PDS_MSL-M-RAD-3-RDR-V1.0
126,2012-04-13,45,45,13.76454,18.46233,NASA_PDS_MSL-M-RAD-3-RDR-V1.0
127,2012-04-14,45,45,13.86957,18.68019,NASA_PDS_MSL-M-RAD-3-RDR-V1.0
128,2012-04-15,45,45,14.03304,18.79007,NASA_PDS_MSL-M-RAD-3-RDR-V1.0
129,2012-04-16,45,45,13.98708,18.97975,NASA_PDS_MSL-M-RAD-3-RDR-V1.0
130,2012-04-17,45,45,13.9696,19.0864,NASA_PDS_MSL-M-RAD-3-RDR-V1.0
131,2012-04-18,42,42,14.25861,19.25642,NASA_PDS_MSL-M-RAD-3-RDR-V1.0
132,2012-04-19,36,36,14.02178,19.0309,NASA_PDS_MSL-M-RAD-3-RDR-V1.0
133,2012-04-20,45,45,14.08408,19.21852,NASA_PDS_MSL-M-RAD-3-RDR-V1.0
134,2012-04-21,44,44,13.96758,19.41872,NASA_PDS_MSL-M-RAD-3-RDR-V1.0
135,2012-04-22,45,45,13.89676,18.70328,NASA_PDS_MSL-M-RAD-3-RDR-V1.0
136,2012-04-23,41,41,13.65574,18.21501,NASA_PDS_MSL-M-RAD-3-RDR-V1.0
137,2012-04-24,35,35,13.69434,18.39471,NASA_PDS_MSL-M-RAD-3-RDR-V1.0
138,2012-04-25,45,45,13.64889,18.12694,NASA_PDS_MSL-M-RAD-3-RDR-V1.0
139,2012-04-26,45,45,13.00553,17.93489,NASA_PDS_MSL-M-RAD-3-RDR-V1.0
140,2012-04-27,45,45,13.53642,18.13712,NASA_PDS_MSL-M-RAD-3-RDR-V1.0
141,2012-04-28,44,44,13.6136,18.31488,NASA_PDS_MSL-M-RAD-3-RDR-V1.0
142,2012-04-29,45,45,13.57924,18.24614,NASA_PDS_MSL-M-RAD-3-RDR-V1.0
143,2012-04-30,44,44,13.71259,18.60373,NASA_PDS_MSL-M-RAD-3-RDR-V1.0
144,2012-05-01,45,45,13.97224,18.8284,NASA_PDS_MSL-M-RAD-3-RDR-V1.0
145,2012-05-02,45,45,13.81594,18.99134,NASA_PDS_MSL-M-RAD-3-RDR-V1.0
146,2012-05-03,17,17,13.82744,20.32543,NASA_PDS_MSL-M-RAD-3-RDR-V1.0
147,2012-05-04,44,44,14.09878,19.79039,NASA_PDS_MSL-M-RAD-3-RDR-V1.0
148,2012-05-05,45,45,13.63022,19.62367,NASA_PDS_MSL-M-RAD-3-RDR-V1.0
149,2012-05-06,45,45,13.98187,19.94182,NASA_PDS_MSL-M-RAD-3-RDR-V1.0
150,2012-05-07,45,45,14.02369,19.80174,NASA_PDS_MSL-M-RAD-3-RDR-V1.0
151,2012-05-08,45,45,13.86703,19.75409,NASA_PDS_MSL-M-RAD-3-RDR-V1.0
152,2012-05-09,45,45,14.0455,19.72497,NASA_PDS_MSL-M-RAD-3-RDR-V1.0
153,2012-05-10,44,44,13.86449,19.74616,NASA_PDS_MSL-M-RAD-3-RDR-V1.0
154,2012-05-11,45,45,13.98427,19.85195,NASA_PDS_MSL-M-RAD-3-RDR-V1.0
155,2012-05-12,45,45,14.21448,19.77944,NASA_PDS_MSL-M-RAD-3-RDR-V1.0
156,2012-05-13,45,45,13.66866,19.47925,NASA_PDS_MSL-M-RAD-3-RDR-V1.0
157,2012-05-14,44,44,13.99362,19.88328,NASA_PDS_MSL-M-RAD-3-RDR-V1.0
158,2012-05-15,45,45,13.73332,19.75476,NASA_PDS_MSL-M-RAD-3-RDR-V1.0
159,2012-05-16,45,45,13.91052,19.4659,NASA_PDS_MSL-M-RAD-3-RDR-V1.0
160,2012-05-17,65,65,54.6442,75.28465,NASA_PDS_MSL-M-RAD-3-RDR-V1.0
161,2012-05-18,46,46,16.13437,21.72461,NASA_PDS_MSL-M-RAD-3-RDR-V1.0
162,2012-05-19,44,44,14.5103,20.11325,NASA_PDS_MSL-M-RAD-3-RDR-V1.0
163,2012-05-20,45,45,13.85383,19.84998,NASA_PDS_MSL-M-RAD-3-RDR-V1.0
164,2012-05-21,45,45,13.84316,19.9455,NASA_PDS_MSL-M-RAD-3-RDR-V1.0
165,2012-05-22,45,45,13.94305,19.75483,NASA_PDS_MSL-M-RAD-3-RDR-V1.0
166,2012-05-23,44,44,13.84846,19.54532,NASA_PDS_MSL-M-RAD-3-RDR-V1.0
167,2012-05-24,29,29,13.80679,19.47746,NASA_PDS_MSL-M-RAD-3-RDR-V1.0
168,2012-05-25,45,45,13.84499,19.71435,NASA_PDS_MSL-M-RAD-3-RDR-V1.0
169,2012-05-26,45,45,14.16166,19.84426,NASA_PDS_MSL-M-RAD-3-RDR-V1.0
170,2012-05-27,45,45,13.88147,19.74519,NASA_PDS_MSL-M-RAD-3-RDR-V1.0
171,2012-05-28,45,45,13.63767,19.56534,NASA_PDS_MSL-M-RAD-3-RDR-V1.0
172,2012-05-29,45,45,14.08865,19.51996,NASA_PDS_MSL-M-RAD-3-RDR-V1.0
173,2012-05-30,32,32,13.42069,19.16418,NASA_PDS_MSL-M-RAD-3-RDR-V1.0
174,2012-05-31,1,1,17.01192,17.25212,NASA_PDS_MSL-M-RAD-3-RDR-V1.0
175,2012-06-01,38,38,13.34268,18.98104,NASA_PDS_MSL-M-RAD-3-RDR-V1.0
176,2012-06-02,45,45,13.72608,19.28815,NASA_PDS_MSL-M-RAD-3-RDR-V1.0
177,2012-06-03,45,45,13.00426,18.63474,NASA_PDS_MSL-M-RAD-3-RDR-V1.0
178,2012-06-04,44,44,13.1274,18.27253,NASA_PDS_MSL-M-RAD-3-RDR-V1.0
179,2012-06-05,45,45,12.70744,17.97638,NASA_PDS_MSL-M-RAD-3-RDR-V1.0
180,2012-06-06,33,33,13.02483,18.4197,NASA_PDS_MSL-M-RAD-3-RDR-V1.0
181,2012-06-08,7,7,11.42431,16.60354,NASA_PDS_MSL-M-RAD-3-RDR-V1.0
182,2012-06-09,44,44,13.38118,18.68965,NASA_PDS_MSL-M-RAD-3-RDR-V1.0
183,2012-06-10,22,22,12.84977,18.47364,NASA_PDS_MSL-M-RAD-3-RDR-V1.0
184,2012-06-11,2,2,11.88735,12.74901,NASA_PDS_MSL-M-RAD-3-RDR-V1.0
185,2012-06-12,45,45,17.87836,19.23229,NASA_PDS_MSL-M-RAD-3-RDR-V1.0
186,2012-06-13,61,61,17.68616,19.33817,NASA_PDS_MSL-M-RAD-3-RDR-V1.0
187,2012-06-14,45,45,17.54719,19.3516,NASA_PDS_MSL-M-RAD-3-RDR-V1.0
188,2012-06-15,45,45,17.59623,19.36009,NASA_PDS_MSL-M-RAD-3-RDR-V1.0
189,2012-06-16,45,45,17.5005,19.49604,NASA_PDS_MSL-M-RAD-3-RDR-V1.0
190,2012-06-17,45,45,17.7235,19.64265,NASA_PDS_MSL-M-RAD-3-RDR-V1.0
191,2012-06-18,45,45,17.68095,19.41606,NASA_PDS_MSL-M-RAD-3-RDR-V1.0
192,2012-06-19,45,45,17.38203,18.5957,NASA_PDS_MSL-M-RAD-3-RDR-V1.0
193,2012-06-20,45,45,17.37315,18.47604,NASA_PDS_MSL-M-RAD-3-RDR-V1.0
194,2012-06-21,45,45,17.03285,18.69171,NASA_PDS_MSL-M-RAD-3-RDR-V1.0
195,2012-06-22,45,45,17.44779,18.99235,NASA_PDS_MSL-M-RAD-3-RDR-V1.0
196,2012-06-23,45,45,17.47619,19.05658,NASA_PDS_MSL-M-RAD-3-RDR-V1.0
197,2012-06-24,45,45,17.45882,19.07214,NASA_PDS_MSL-M-RAD-3-RDR-V1.0
198,2012-06-25,45,45,17.2956,18.93419,NASA_PDS_MSL-M-RAD-3-RDR-V1.0
199,2012-06-26,33,33,17.02437,18.57396,NASA_PDS_MSL-M-RAD-3-RDR-V1.0
200,2012-06-27,45,45,17.30749,18.87636,NASA_PDS_MSL-M-RAD-3-RDR-V1.0
201,2012-06-28,45,45,17.3875,19.00868,NASA_PDS_MSL-M-RAD-3-RDR-V1.0
202,2012-06-29,46,46,16.948,18.68385,NASA_PDS_MSL-M-RAD-3-RDR-V1.0
203,2012-06-30,45,45,17.58084,19.00781,NASA_PDS_MSL-M-RAD-3-RDR-V1.0
204,2012-07-01,45,45,17.6602,19.03838,NASA_PDS_MSL-M-RAD-3-RDR-V1.0
205,2012-07-02,45,45,17.39909,19.09994,NASA_PDS_MSL-M-RAD-3-RDR-V1.0
206,2012-07-03,45,45,17.2981,19.22114,NASA_PDS_MSL-M-RAD-3-RDR-V1.0
207,2012-07-04,45,45,17.52556,19.16524,NASA_PDS_MSL-M-RAD-3-RDR-V1.0
208,2012-07-05,45,45,17.25291,19.04468,NASA_PDS_MSL-M-RAD-3-RDR-V1.0
209,2012-07-06,45,45,17.66616,19.02914,NASA_PDS_MSL-M-RAD-3-RDR-V1.0
210,2012-07-07,45,45,17.55605,18.86351,NASA_PDS_MSL-M-RAD-3-RDR-V1.0
211,2012-07-08,45,45,17.13569,18.61837,NASA_PDS_MSL-M-RAD-3-RDR-V1.0
212,2012-07-09,45,45,17.11017,18.70191,NASA_PDS_MSL-M-RAD-3-RDR-V1.0
213,2012-07-10,45,45,16.67332,18.32162,NASA_PDS_MSL-M-RAD-3-RDR-V1.0
214,2012-07-11,45,45,16.37339,18.189,NASA_PDS_MSL-M-RAD-3-RDR-V1.0
215,2012-07-12,45,45,16.96922,18.4064,NASA_PDS_MSL-M-RAD-3-RDR-V1.0
216,2012-07-13,45,45,17.09151,18.55207,NASA_PDS_MSL-M-RAD-3-RDR-V1.0
217,2012-07-14,2,2,8.38553,9.55796,NASA_PDS_MSL-M-RAD-3-RDR-V1.0
