launch_date,phi_at_launch,D_mGy,H_mSv,REID_median,REID_p5,REID_p95,panel
2003-01-01,844.5354838709677,243.9270194043837,884.1433260025075,0.03445248379654131,0.009530220212609467,0.11830964884326867,real
2003-02-01,831.6903225806451,244.69407587765122,886.6451700820433,0.03454997335516456,0.009557187701153878,0.11864442747678364,real
2003-03-01,825.7,237.97637582614155,866.4849987290509,0.03376439034339787,0.00933988031798712,0.11594673953044508,real
2003-04-01,832.6870967741935,231.490680728742,847.306854610102,0.03301707406551202,0.009133158250028845,0.11338045934775444,real
2003-05-01,852.9533333333333,231.51063713179065,847.2719223009041,0.03301571285542172,0.009132781713115204,0.11337578495943641,real
2003-06-01,895.5096774193548,236.44406373473225,861.5673090856635,0.03357276233719977,0.009286872322721634,0.11528868996119716,real
2003-07-01,893.2,248.94487986920834,899.0221081375241,0.035032266491657735,0.009690599266629204,0.12030061958052257,real
2003-08-01,854.2064516129033,264.3954183415399,944.9809619014674,0.03682314882718235,0.010185991794297569,0.1264505001373723,real
2003-09-01,827.0,281.7464983171602,996.4550253120769,0.03882894277872899,0.010740833011907506,0.13333838605761064,real
2003-10-01,830.0666666666667,298.7938614420996,1047.5956544689018,0.04082174377100321,0.011292080126874196,0.1401816542237842,real
2003-11-01,951.6064516129032,314.2599487999115,1093.2890626163976,0.042602282465931826,0.01178461140444338,0.14629601477302281,real
2003-12-01,935.8266666666667,331.68391247639414,1145.460797612411,0.044635262642024345,0.012346972855085039,0.15327725804590925,real
2004-01-01,850.9032258064517,346.5350247135958,1190.2495355343497,0.04638054897981744,0.012829752652078854,0.15927056218544958,real
2004-02-01,808.1096774193549,365.7049063192925,1248.5214490525063,0.04865123530095364,0.013457868198173685,0.16706808711495277,real
2004-03-01,742.6206896551724,377.3910938009953,1284.0154770761242,0.05003433393371332,0.013840459904008324,0.17181764057309362,real
2004-04-01,703.9064516129032,382.7965130615271,1300.1340306141553,0.05066242690038594,0.014014202509091042,0.17397450852974938,real
2004-05-01,677.3133333333334,380.71390502488003,1293.5215236330312,0.050404756811248085,0.013942926002404665,0.17308967079371443,real
2004-06-01,663.1032258064516,374.99067366642527,1275.3576240762281,0.049696962682447554,0.013747136521666604,0.17065910946390617,real
2004-07-01,682.1466666666666,374.3771917958788,1273.2864665945785,0.049616255722978383,0.013724811423105538,0.17038196218795376,real
2004-08-01,689.674193548387,379.27951253804406,1288.3819234442133,0.050204481599053094,0.013887526023505695,0.17240192676438035,real
2004-09-01,669.2709677419355,379.649588055287,1289.4153777716733,0.05024475229660194,0.013898665673640136,0.17254021612876444,real
2004-10-01,627.0933333333334,378.6409257856427,1286.5604332445112,0.05013350344455575,0.013867892099674865,0.17215818815372705,real
2004-11-01,638.3193548387097,376.09419443805143,1279.5794695403226,0.04986147567278008,0.013792643981592074,0.17122404621074097,real
2004-12-01,660.4066666666666,375.1572140477441,1276.2835855838855,0.04973304469867791,0.013757117501918159,0.17078301491858922,real
2005-01-01,703.3870967741935,368.10055319638997,1254.2249324528148,0.04887348339541294,0.013519346299274853,0.1678312859068554,real
2005-02-01,708.9645161290323,371.4484847337794,1264.5761126589196,0.04927683866354385,0.013630922130843479,0.1692164057842339,real
2005-03-01,669.7,380.4737132869668,1292.9463889129825,0.05038234549054866,0.013936726599691574,0.1730127104358569,real
2005-04-01,647.6096774193549,390.5572511866182,1324.4797060845203,0.05161110678631682,0.014276625627191517,0.17723227028742047,real
2005-05-01,668.34,400.56298851706515,1355.45613885703,0.05281816792310643,0.014610521972999902,0.18137731190674986,real
2005-06-01,668.6709677419356,418.5148387537266,1410.7238165850395,0.054971787947594775,0.015206254727969508,0.18877283178693413,real
2005-07-01,651.6533333333333,438.7768980625715,1472.6997623978045,0.057386809591815774,0.01587429620281826,0.19706600345966455,real
2005-08-01,671.516129032258,462.9070671970263,1546.681285953272,0.06026965354547918,0.01667174633382333,0.20696567449186157,real
2005-09-01,723.6129032258065,491.15574537955115,1633.893845203748,0.06366807232676103,0.017611814386726255,0.2186358267807421,real
2005-10-01,687.7066666666667,521.2753886602384,1726.3264655131065,0.06726990164540592,0.018608149709823187,0.2310044897891562,real
2005-11-01,610.8741935483871,541.7550792658242,1789.1646457286802,0.06971852204665865,0.019285485247627562,0.23941303941749265,real
2005-12-01,598.1666666666667,554.5565899766904,1827.808024675567,0.07122434168908104,0.019702023947057952,0.24458401617981745,real
2006-01-01,590.7645161290322,566.6675819552338,1863.6722253232003,0.07262186486812834,0.02008860576006164,0.2493831034543325,real
2006-02-01,564.6516129032258,580.0696390059899,1904.4212522181738,0.07420973546278793,0.020527841332323982,0.2548358427567333,real
2006-03-01,536.5999999999999,588.6649806626211,1932.0184594355026,0.0752851180467222,0.02082531285566093,0.2585287009154882,real
2006-04-01,519.4645161290323,587.1434038709266,1926.8056171411008,0.07508198880353284,0.020769123396850137,0.25783115615867325,real
2006-05-01,508.5733333333333,585.504547075282,1921.0283015449766,0.07485686368398586,0.020706849455228313,0.25705807767769373,real
2006-06-01,501.6677419354839,587.5805175103462,1927.3090445598752,0.0751016059000804,0.020774549863375284,0.25789852116543355,real
2006-07-01,509.00666666666666,591.9332594774294,1942.658205824986,0.07569971789643246,0.02093999915494744,0.2599524346270942,real
2006-08-01,516.8129032258064,602.027485027131,1976.6647608981436,0.07702485405159791,0.021306557323728437,0.2645029452408713,real
2006-09-01,515.0967741935484,615.7417096842393,2020.876033664412,0.07874763825842006,0.02178311259814001,0.2704189771805574,real
2006-10-01,503.0133333333334,629.3002187418812,2063.8393082835228,0.08042179162148812,0.022246215645047786,0.2761680110575937,real
2006-11-01,496.73225806451615,640.2187241541892,2099.5138429199433,0.0818119240698859,0.02263075303968564,0.28094171860178196,real
2006-12-01,527.0600000000001,649.6579863799099,2130.0963397975497,0.08300363467510798,0.022960403132971766,0.2850340465761377,real
2007-01-01,521.3193548387097,666.8305228532562,2183.519193356374,0.0850853672884413,0.02353625044621625,0.29218270546307024,real
2007-02-01,496.35483870967744,677.0913088045725,2215.405725584437,0.0863278923436065,0.023879956794511457,0.2964495299922879,real
2007-03-01,490.45,684.5175984827174,2238.516855348174,0.08722846558811082,0.0241290726895626,0.29954209379535535,real
2007-04-01,474.35483870967744,690.726508713173,2257.9104759449947,0.08798417835516772,0.024338117388054144,0.3021372074778658,real
2007-05-01,462.8,691.9387800290066,2261.676442565252,0.0881309270780805,0.024378710909657323,0.3026411418234573,real
2007-06-01,459.1774193548387,691.1826620539874,2259.390667242775,0.08804185708801877,0.024354072435849857,0.30233527594426823,real
2007-07-01,458.7133333333333,689.6184657898466,2254.0303491594887,0.08783298114395244,0.024296293328955137,0.3016179970467516,real
2007-08-01,460.3806451612903,687.8982701182732,2248.2074105152055,0.08760607822743385,0.02423352761446919,0.30083881362028636,real
2007-09-01,457.2129032258065,685.0743121943952,2239.2333995659974,0.08725638722403573,0.024136796351538092,0.29963797654682583,real
2007-10-01,454.3466666666667,683.0954257495689,2232.4366337516963,0.08699153710618794,0.024063533710698293,0.29872848262982077,real
2007-11-01,459.38709677419354,683.3643384954331,2233.5243863019487,0.08703392364693313,0.024075258643789864,0.29887403778865523,real
2007-12-01,456.76,688.1249514494915,2249.1081887891496,0.08764117892657916,0.024243237143525113,0.3009593492372409,real
2008-01-01,457.33225806451617,694.944567000655,2271.37827266863,0.08850897906875115,0.024483287367603978,0.30393937037861396,real
2008-02-01,463.6161290322581,705.0454073331538,2304.195824851981,0.0897877832530807,0.024837029221382607,0.30833077724729724,real
2008-03-01,464.49310344827586,716.2052319848814,2340.485009923565,0.09120186683421368,0.025228191960383322,0.31318673285580606,real
2008-04-01,464.7935483870968,730.3541264096366,2386.14642316632,0.09298115878112673,0.025720378363452066,0.31929681207889166,real
2008-05-01,466.4266666666667,744.9663951871859,2432.896877467635,0.09480288747819143,0.02622430358850071,0.3255526188796503,real
2008-06-01,464.9225806451613,761.242864117025,2484.595831072046,0.09681744474393171,0.026781568907506374,0.33247059797491413,real
2008-07-01,457.2,778.4392508886306,2537.8254000592497,0.09889164562188223,0.027355332797761537,0.3395933929220047,real
2008-08-01,445.39032258064515,796.6544822062185,2592.9310829958763,0.10103895318236039,0.027949319403673893,0.3469672358338522,real
2008-09-01,435.0387096774193,813.4067384571711,2643.539309970804,0.10301100801617182,0.028494827731855757,0.35373926180056425,real
2008-10-01,430.4,828.2156958863087,2688.6261498900312,0.10476791051836865,0.028980820783529468,0.35977245578780404,real
2008-11-01,425.0935483870968,843.6044145919973,2735.514760227287,0.10659502275275094,0.029486235198630775,0.36604674962750405,real
2008-12-01,418.8466666666667,853.8638089803593,2768.5522128083758,0.10788239581349128,0.029842347368571578,0.3704675819728854,real
2009-01-01,414.1774193548387,866.2823391888493,2807.115396554401,0.10938509048309875,0.030258021640367068,0.37562782759493696,real
2009-02-01,408.9741935483871,876.2185864551835,2838.2968903410774,0.11060014224885098,0.03059412834796246,0.3798003089922572,real
2009-03-01,402.9,884.595254098436,2864.233498269601,0.11161081612729881,0.030873700197749005,0.3832709577954135,real
2009-04-01,394.5741935483871,890.420525748273,2882.341668448561,0.1123164386449695,0.03106888896904603,0.3856940618239801,real
2009-05-01,388.04,892.7015515899508,2890.5377684906275,0.11263581673174514,0.03115723509572962,0.3867908045005836,real
2009-06-01,386.1290322580645,883.8134443586916,2867.9575460479687,0.11175593139534234,0.030913841874292088,0.38376928286554246,real
2009-07-01,385.12,865.1285060717712,2814.7632792108416,0.10968310613910123,0.03034045850748183,0.3766512117961943,real
2009-08-01,385.7,841.3724845738215,2741.4686404202957,0.10682702807908603,0.029550412337891012,0.3668434547025451,real
2009-09-01,383.7548387096774,816.9887458720033,2663.694311719923,0.10379638958357036,0.028712079391632575,0.356436257987998,real
2009-10-01,380.09333333333336,794.6596696926946,2591.9730714475963,0.10100162226963014,0.02793899295460979,0.3468390416751322,real
2009-11-01,380.8354838709678,769.9236420673656,2511.7119145101356,0.0978740793390265,0.027073854376240162,0.3360990756382246,real
2009-12-01,380.0733333333333,745.3486699908319,2430.934731001003,0.09472642835967529,0.02620315352451624,0.32529005866727406,real
2010-01-01,385.3741935483871,719.5215552199426,2345.3905196964038,0.0913930202264206,0.02528106866828274,0.3138431526030951,real
2010-02-01,409.6258064516129,697.8239998324234,2278.4956293279392,0.08878632167573289,0.024560005671412904,0.3048917634378506,real
2010-03-01,430.95000000000005,684.6021657308455,2236.7433431407726,0.08715935699588209,0.024109955922643478,0.29930477525173677,real
2010-04-01,452.0709677419355,672.1885244081711,2196.648311057262,0.0855969706694201,0.023677769789525044,0.29393954879280165,real
2010-05-01,456.08,664.2074404190065,2170.3856032047775,0.0845735896291175,0.02339468289416245,0.2904252636624154,real
2010-06-01,451.81612903225806,658.7152215304137,2153.320492382455,0.0839086120889369,0.02321073730603634,0.2881417342735901,real
2010-07-01,454.99333333333334,648.741201682791,2121.2459237389057,0.08265875980370936,0.022865004104860063,0.28384974807472935,real
2010-08-01,463.1677419354839,629.6738068928348,2059.8601228508737,0.08026673438403589,0.022203323828387914,0.2756355453166063,real
2010-09-01,469.4,612.4551326500786,2004.5096401262174,0.07810988769061128,0.021606698514678637,0.26822894507220096,real
2010-10-01,471.05333333333334,592.3124620390142,1939.6193964166714,0.07558130436683644,0.020907243693255126,0.25954580318688997,real
2010-11-01,479.0258064516129,570.4975266217424,1871.7824690981352,0.0729378973868663,0.020176026438225365,0.2504683574678238,real
2010-12-01,489.35999999999996,554.5356496980539,1823.5885997766688,0.07105992302110636,0.019656542578512338,0.24401940333546535,real
2011-01-01,485.5290322580645,540.8060924433628,1781.5797858543851,0.0694229622044556,0.019203727705883005,0.2383980884679554,real
2011-02-01,477.5935483870968,523.3926854820697,1727.3409635959076,0.06730943367345092,0.01861908502975381,0.2311402425663343,real
2011-03-01,492.85,510.25207732766233,1686.669200741698,0.06572457383285596,0.018180682290021375,0.22569784217761657,real
2011-04-01,537.3967741935484,510.16095386658975,1687.683961179924,0.0657641160841258,0.01819162043789279,0.2258336300612953,real
2011-05-01,541.98,516.6285715772123,1708.4348575390663,0.06657271792451908,0.018415295272159543,0.2286103645445303,real
2011-06-01,562.0677419354839,515.0675925380723,1702.7269091507828,0.06635029584251574,0.018353769042754514,0.227846568280313,real
2011-07-01,578.2866666666667,508.5125256258444,1681.3631834903886,0.06551781383365828,0.018123488494208296,0.22498782942369233,real
2011-08-01,562.5258064516129,501.6054156812955,1660.967838905717,0.0647230668077374,0.01790364616832343,0.2222586723007633,real
2011-09-01,561.1451612903226,503.1731422254818,1666.0938514751629,0.06492281255008012,0.017958899685669195,0.22294459813339873,real
2011-10-01,573.8066666666667,500.98479465400146,1659.2300112929543,0.06465534873996599,0.01788491404723616,0.22202612881084555,real
2011-11-01,564.1774193548388,490.9015990610127,1627.3357290122046,0.063412521687877,0.017541124160778528,0.21775826722577396,real
2011-12-01,528.26,473.6093096214932,1574.5908131361502,0.06135720632652514,0.01697258436795208,0.21070032504373223,real
2012-01-01,523.9516129032259,456.9762862028483,1524.4681791639957,0.05940407363414453,0.01643231026833251,0.20399327761155098,real
2012-02-01,554.2774193548387,445.72148705984193,1489.8835646542202,0.058056412190614845,0.01605952117118851,0.1993654152755526,real
2012-03-01,610.7965517241379,442.0450969823641,1478.4893806289429,0.05761241410912668,0.01593670275508978,0.19784072819005358,real
2012-04-01,598.4870967741936,444.7095091770197,1486.9234689381758,0.05794106590376979,0.01602761416788413,0.19896931673088442,real
2012-05-01,554.9,444.61857414958973,1487.2815593572586,0.057955019641810115,0.016031474040429136,0.19901723379420422,real
2012-06-01,572.0483870967741,445.86146484622896,1491.7639103689837,0.05812968377268139,0.016079789501232414,0.19961702950446208,real
2012-07-01,627.2066666666667,448.03734818179254,1498.9938028068805,0.05841141157036052,0.016157720833201137,0.20058448128557727,real
2012-08-01,655.0193548387097,453.51587307501626,1515.6103359081642,0.05905890934655823,0.016336831182132167,0.20280798525647062,real
2012-09-01,627.7741935483871,451.3520794654102,1508.4252697160414,0.05877892829678837,0.01625938303425924,0.20184653179852377,real
2012-10-01,611.1333333333333,440.89845257159146,1475.4253359524687,0.05749301723481514,0.01590367528132023,0.19743071994924866,real
2012-11-01,609.6677419354838,431.6117601976646,1445.7222711272982,0.0563355755288152,0.015583504625219517,0.19345607119526953,real
2012-12-01,600.4066666666666,424.7464752537733,1424.2617897724383,0.055499323233062205,0.015352181142741703,0.19058438519320417,real
2013-01-01,582.9032258064517,418.3958043563014,1405.5257074277217,0.054769232811738164,0.015150224078298254,0.18807725851169174,real
2013-02-01,570.858064516129,414.28192492546486,1394.0676880964097,0.0543227472547671,0.015026717578598199,0.1865440294484176,real
2013-03-01,586.5,411.9261917081549,1387.7792781284509,0.05407770627989862,0.014958934528023372,0.18570256002461327,real
2013-04-01,601.2741935483871,409.2135431498114,1380.5429565432964,0.05379572795712339,0.01488093389599057,0.18473424794163082,real
2013-05-01,638.7,406.796633788536,1373.660415534,0.0535275354303824,0.014806746680511072,0.18381327620999902,real
2013-06-01,678.5806451612904,405.9669339347266,1370.0955448533919,0.05338862282905594,0.014768320780980417,0.18333625106487764,real
2013-07-01,669.0,404.5035436766278,1364.0079718743564,0.05315140788522013,0.01470270256123674,0.182521656190635,real
2013-08-01,650.4645161290323,403.06660066944914,1359.2867807569432,0.0529674368528215,0.014651812632317416,0.18188990062929575,real
2013-09-01,639.5709677419355,403.3652840627932,1360.6597641670883,0.053020938007328676,0.014666612081526741,0.18207362331355362,real
2013-10-01,618.0866666666667,401.16541287242785,1354.0126300832535,0.05276191860110618,0.014594962327761021,0.1811841520297197,real
2013-11-01,610.0548387096775,396.3569826480018,1340.0263686832814,0.05221691483295539,0.014444203794418341,0.17931261194544143,real
2013-12-01,628.5533333333333,396.30248113283767,1340.364317635548,0.05223008371684514,0.014447846561197216,0.17935783382372034,real
2014-01-01,640.7870967741935,397.37650606280226,1344.1792052597755,0.052378738748437764,0.014488967404476805,0.1798683144233303,real
2014-02-01,664.083870967742,397.49942027210244,1344.5605102999295,0.05239359709247668,0.014493077508454261,0.17991933789890946,real
2014-03-01,674.1,399.12758796068766,1349.1426100077892,0.05257214813877924,0.01454246816488717,0.18053248125639287,real
2014-04-01,658.6903225806452,395.0719589706447,1335.5127015608027,0.05204103040468823,0.014395550775865202,0.17870862574031976,real
2014-05-01,640.36,389.12785878935006,1317.265168020315,0.051329977303747096,0.014198859800699334,0.17626687311725608,real
2014-06-01,649.4258064516129,384.3553880687674,1302.8560279735123,0.05076849518949635,0.014043543039624821,0.17433874647880893,real
2014-07-01,655.28,379.2330674683098,1287.16224699994,0.0501569543693636,0.013874379076896245,0.1722387185066459,real
2014-08-01,630.9290322580645,372.3619873378078,1266.7862347124374,0.04936296066661487,0.013654745134701921,0.16951214829154296,real
2014-09-01,634.5032258064516,368.03313214347276,1254.2705214028229,0.04887525986367919,0.013519837704593493,0.1678373862895739,real
2014-10-01,646.9066666666666,367.5206279346752,1253.3924834849392,0.0488410452898098,0.013510373294846393,0.1677198936221739,real
2014-11-01,652.7161290322581,370.52824291980454,1262.9995788372999,0.04921540574385015,0.013613928602700713,0.16900544545988397,real
2014-12-01,688.56,377.477434582971,1284.3576823200822,0.05004766867286231,0.013844148549544535,0.1718634319974638,real
2015-01-01,694.4612903225806,388.1050244936023,1317.372215683143,0.05133414863859808,0.014200013672215402,0.17628119745927864,real
2015-02-01,675.2709677419355,396.1658566359788,1341.7906468498056,0.05228566360157369,0.014463221027200381,0.1795486948566669,real
2015-03-01,694.75,403.93571236278393,1365.1361299102116,0.05319536890975898,0.014714863026853705,0.18267261811856725,real
2015-04-01,703.1774193548388,415.7357751970262,1400.6975246603427,0.054581092627146194,0.015098180881627989,0.18743118610356485,real
2015-05-01,672.4333333333334,430.04836007989434,1444.0382705530656,0.056269954943565265,0.01556535270817326,0.19323073044934086,real
2015-06-01,658.8677419354839,447.1804300459497,1495.791755806364,0.05828663714843523,0.0161232058262463,0.20015600657444235,real
2015-07-01,643.7933333333333,465.13732568650903,1550.3706303965719,0.060413416525885694,0.016711513941575107,0.20745935581333033,real
2015-08-01,623.158064516129,479.5972154145594,1593.910575561103,0.06211004105628344,0.017180832945925935,0.2132855555612389,real
2015-09-01,620.7612903225806,494.35354396629793,1639.8474909225622,0.06390006851632138,0.017675988998578713,0.2194325004801465,real
2015-10-01,619.2933333333333,511.6429554345893,1694.1481002493729,0.06601600470896643,0.018261297680264015,0.22669861427922555,real
2015-11-01,614.9064516129032,529.2810673608091,1749.2576667119806,0.06816346359911249,0.01885532614687554,0.23407297685635986,real
2015-12-01,603.8733333333333,546.3268307689351,1802.064539493921,0.07022119324017825,0.01942453377594463,0.24113920966228933,real
2016-01-01,577.3741935483871,562.5646848949252,1852.013639249482,0.07216756381084227,0.01996293734252966,0.24782303600392602,real
2016-02-01,547.941935483871,578.0841879093074,1900.8553705587428,0.07407078346656873,0.020489404535407655,0.2543586823297566,real
2016-03-01,539.8206896551725,592.4054003314294,1947.085330791226,0.07587223002956622,0.020987719331751538,0.26054484038839676,real
2016-04-01,542.5967741935484,609.2670548905186,2000.8223325855927,0.07796620408235444,0.02156695286279134,0.26773553631427843,real
2016-05-01,534.1,627.2336430740386,2057.966192105768,0.08019293343300395,0.02218290906469807,0.2753821132374432,real
2016-06-01,517.0096774193548,645.3821350574327,2115.6532504571474,0.08244082965601451,0.02280472043095244,0.283101377089392,real
2016-07-01,512.7,661.798897548566,2167.972675187136,0.08447956486979949,0.02336867383580166,0.2901023831315608,real
2016-08-01,507.4258064516129,676.4792357346853,2214.255014347594,0.08628305248667847,0.023867553226938527,0.2962955501585359,real
2016-09-01,498.5548387096774,686.3347615740868,2245.520878546085,0.08750139192102525,0.024204569366953265,0.3004793213925839,real
2016-10-01,486.48,697.4185166763854,2280.735140452145,0.08887358888507524,0.02458414546137068,0.305191438577495,real
2016-11-01,473.48064516129034,704.4354700456079,2302.6391719924777,0.08972712503643007,0.02482024999101424,0.3081224772491382,real
2016-12-01,467.03333333333336,702.7134822429337,2296.272885443998,0.0894790494386112,0.024751627505316242,0.3072705869460222,real
2017-01-01,457.5290322580645,694.5639966180413,2268.657067028675,0.08840294163063411,0.02445395537104882,0.30357523837170397,real
2017-02-01,449.84193548387094,684.7675677069021,2237.2929281156585,0.08718077271761547,0.024115879923517734,0.29937831672796145,real
2017-03-01,443.7,680.9712234834748,2224.9706699083636,0.08670061029514592,0.02398305775455661,0.2977294414850157,real
2017-04-01,450.46774193548384,681.7648899361661,2226.4239444490627,0.08675724016056802,0.023998722665431255,0.29792390814616254,real
2017-05-01,455.66,687.16278281421,2243.954084549712,0.08744033853388199,0.024187680824819785,0.30026966438102365,real
2017-06-01,445.8290322580645,693.7727259863725,2268.149979862069,0.08838318192439969,0.024448489455939113,0.30350738364402613,real
2017-07-01,448.82,698.3719491374244,2284.7299563383076,0.08902925519566139,0.02462720575938378,0.30572599587243293,real
2017-08-01,468.3290322580645,708.483556057646,2317.472614426324,0.09030514097577966,0.02498014032637964,0.31010738095634577,real
2017-09-01,488.8741935483871,721.9670617391415,2359.9016820898305,0.09195847785362335,0.02543748513276658,0.31578493113218964,real
2017-10-01,487.26,740.3241640594499,2417.8312459601025,0.09421582380861115,0.026061910476788862,0.32353664531423637,real
2017-11-01,463.2193548387097,756.6135172865975,2469.1891952740452,0.09621709313285327,0.026615500095389363,0.3304089936880176,real
2017-12-01,447.33333333333337,766.8909477877316,2501.4949864731,0.09747595548592015,0.02696372565476966,0.33473192041263033,real
2018-01-01,439.85806451612905,774.2330572375255,2524.783405364278,0.0983834371700528,0.027214752557206283,0.3378482077611845,real
2018-02-01,434.06129032258065,782.9467738457572,2552.8404497600413,0.09947673826614807,0.027517180685930086,0.3416025979968162,real
2018-03-01,433.95000000000005,788.9341767533004,2571.895161713579,0.10021924475295851,0.027722572273090627,0.3441523613821547,real
2018-04-01,430.1709677419355,794.5331013739122,2589.8130048445823,0.10091745078130793,0.02791570950067739,0.3465499972252509,real
2018-05-01,426.34,794.438679470376,2589.366449652002,0.10090004982935344,0.02791089606240644,0.34649024244741156,real
2018-06-01,421.2516129032258,794.2709164426216,2588.478114181457,0.10086543398992477,0.02790132065488146,0.34637137183618355,real
2018-07-01,416.33333333333337,798.0421915193235,2600.306643116056,0.10132635722428172,0.028028820894065113,0.34795417980795446,real
2018-08-01,416.97741935483873,802.9963048015468,2615.095514920092,0.10190263637632976,0.028188230800630546,0.34993311939666844,real
2018-09-01,415.28709677419357,801.3658342740443,2610.8306838779927,0.10173644836353639,0.028142259997249,0.34936243063147926,real
2018-10-01,410.1,800.1057362409148,2606.2393900570296,0.10155753904949216,0.028092770237062258,0.34874805698444805,real
2018-11-01,411.8516129032258,799.9535255438192,2606.098431491435,0.10155204630577706,0.02809125083841787,0.3487291949313097,real
2018-12-01,416.24,801.5848549980152,2612.0557466600635,0.10178418548308221,0.028155465003432995,0.3495263596498806,real
2019-01-01,421.6258064516129,805.8102944520601,2625.255849056817,0.10229855493039006,0.02829774949393391,0.35129270163689313,real
2019-02-01,420.8290322580645,813.2996019012392,2647.5947609008076,0.10316903709736766,0.028538541617701745,0.3542819328373961,real
2019-03-01,410.54999999999995,819.0462056628421,2664.053187216378,0.1038103739137835,0.02871594772656147,0.356484280104679,real
2019-04-01,403.7064516129032,820.619379822093,2669.6599515163566,0.1040288531473139,0.02877638328818085,0.3572345366478987,real
2019-05-01,416.1533333333333,823.0105098920184,2678.73396222698,0.10438244084942422,0.028874192452985396,0.3584487549643201,real
2019-06-01,418.73548387096776,828.2814526295228,2696.405385431863,0.10507104461277642,0.02906467350923472,0.3608134166797268,real
2019-07-01,411.8666666666667,832.5062140638937,2708.2739011843228,0.10553352601666756,0.029192604768105583,0.3624015753975141,real
2019-08-01,411.3322580645161,838.3399835049759,2725.5056250111743,0.1062049959791399,0.029378346285213748,0.3647073997304721,real
2019-09-01,404.88709677419354,839.4706217120086,2730.1201346599114,0.10638480994620439,0.029428086289840043,0.36532487995123486,real
2019-10-01,400.52666666666664,840.0507989970879,2732.627421583412,0.10648251159656436,0.029455112447041496,0.36566038690666236,real
2019-11-01,399.0354838709677,840.0389783095003,2732.6582122065083,0.10648371141724058,0.02945544434053654,0.36566450708457815,real
2019-12-01,399.15333333333336,835.2723038097491,2719.4762234531195,0.10597004780572444,0.02931335509780263,0.3639005889339762,real
2020-01-01,405.4258064516129,836.3463263192107,2722.6167666283836,0.10609242560316523,0.029347207152291128,0.3643208336491884,real
2020-02-01,404.5741935483871,837.0184694081657,2724.28046969059,0.1061572552536384,0.029365140281552994,0.36454345832923785,real
2020-03-01,397.70344827586206,835.4014666985443,2719.4082577276063,0.10596739937985494,0.02931262249222614,0.3638914942534167,real
2020-04-01,396.86451612903227,829.5656992437902,2701.429643540905,0.1052668252809109,0.029118830210728645,0.36148572646830623,real
2020-05-01,400.05333333333334,821.1318208903026,2674.607784175712,0.10422165573882941,0.028829716196355364,0.35789661973697234,real
2020-06-01,400.56774193548387,810.2400444906551,2639.6890144043728,0.10286097324045947,0.028453325224793206,0.35322404316687633,real
2020-07-01,402.41333333333336,801.128133246715,2610.608111903538,0.10172777538358171,0.028139860884042658,0.349332647663757,real
2020-08-01,405.4677419354839,798.36638443871,2601.7374211725314,0.10138211046740131,0.028044243314336303,0.34814563615270755,real
2020-09-01,404.6193548387097,794.7343457158738,2589.579978040105,0.10090837040715442,0.02791319769439349,0.34651881526798456,real
2020-10-01,404.35999999999996,788.9838980735526,2570.598258954766,0.10016870823928517,0.027708592900603915,0.3439788192589871,real
2020-11-01,403.5548387096774,783.1240382992484,2551.233025912818,0.09941410165235262,0.02749985419282823,0.34138750419322766,real
2020-12-01,413.61333333333334,774.1001892419251,2523.375908895545,0.0983285911424274,0.027199581090204265,0.33765986678968507,real
2021-01-01,422.00967741935483,771.7286801773749,2517.334415191131,0.09809317177337634,0.027134459561010037,0.3368514379098454,real
2021-02-01,432.49032258064517,768.5404919468921,2507.122327993727,0.0976952365536556,0.027024383019165103,0.335484930450309,real
2021-03-01,430.0,766.6971284643976,2500.0181416276955,0.09741840715454683,0.026947806678532856,0.3345342997442193,real
2021-04-01,415.2225806451613,759.1880942254458,2475.1461437677976,0.09644921802190919,0.026679710307999708,0.33120610934081546,real
2021-05-01,415.3933333333333,734.0643557375101,2393.646910569035,0.09327343087447221,0.025801226450574966,0.32030047291607827,real
2021-06-01,419.7032258064516,695.6976478464624,2270.652457666675,0.08848069617743853,0.02447546377543423,0.3038422470780348,real
2021-07-01,428.74666666666667,657.0896861694207,2147.1135384714435,0.08366674521876344,0.023143832273920202,0.2873111647086777,real
2021-08-01,433.68387096774194,619.3957803805841,2026.6166505167407,0.07897133333507832,0.02184499096237114,0.2711871449017498,real
2021-09-01,431.94193548387096,581.1050728773631,1906.0323677043625,0.07427251592897463,0.02054520761776635,0.2550514305486795,real
2021-10-01,430.49333333333334,543.3622889074835,1789.7902593203687,0.0697429003815922,0.019292228764341928,0.23949675449192398,real
2021-11-01,438.36451612903227,505.18689918811157,1672.082700971163,0.06515618052804559,0.018023453760600817,0.22374598254699882,real
2021-12-01,442.40666666666664,470.8490709979826,1565.9841973166544,0.061021831638571666,0.016879813273455467,0.20954865012249824,real
2022-01-01,507.70000000000005,438.1822708220005,1465.4176850625627,0.05710304830106226,0.015795802367521348,0.19609156867398647,real
2022-02-01,570.2258064516129,422.320483688904,1416.8712405064077,0.055211335107893986,0.01527251808368106,0.18959543548029248,real
2022-03-01,581.7,412.6746738921858,1387.7198035431509,0.054075388728969824,0.014958293448824683,0.18569460156686665,real
2022-04-01,594.5451612903225,406.18663546715277,1368.7780016392394,0.053337282017106295,0.0147541189241081,0.18315994698564317,real
2022-05-01,606.7666666666667,403.2518112581368,1360.7187683809366,0.05302323722925542,0.014667248090570649,0.18208151882960333,real
2022-06-01,619.5096774193548,404.3811058162652,1365.064163215615,0.05319256457780673,0.014714087294653615,0.18266298805733655,real
2022-07-01,631.9733333333334,408.68258332211576,1378.9304478891827,0.05373289320325061,0.01486355259352921,0.18451847372605482,real
2022-08-01,644.9193548387096,416.5975069455477,1403.4945666179349,0.054690085185126455,0.015128330321222006,0.18780546597660175,real
2022-09-01,657.7741935483871,427.58549179416093,1437.055158144593,0.05599784344305766,0.015490081429111473,0.192296300982328,real
2022-10-01,663.6,440.8694512972971,1477.3610538670157,0.05756844650982549,0.015924540470766982,0.19768974368442188,real
2022-11-01,656.525806451613,456.36378517609876,1524.220115453104,0.05939440731565444,0.016429636378565968,0.20396008352450287,real
2022-12-01,643.8733333333333,471.9502314266328,1571.3832551281691,0.06123221715673059,0.016938009957602806,0.21027111288953954,real
2023-01-01,749.7,270.0618561506969,962.8715418892403,0.03752029249044597,0.010378835151251549,0.12884448782432997,illustrative
2023-02-01,757.4322580645161,262.2912116709606,939.817650589022,0.03662194966173389,0.010130336232143022,0.1257595832574069,illustrative
2023-03-01,770.7,255.3434639920295,919.0866333691856,0.035814122453354094,0.00990687567600251,0.12298550885644753,illustrative
2023-04-01,785.1129032258065,248.07921559539002,897.2917968767322,0.03496484131417554,0.009671948164633942,0.1200690818743235,illustrative
2023-05-01,798.5,241.59300065244236,877.6956217374297,0.03420123558803892,0.00946072012172511,0.11744686381168837,illustrative
2023-06-01,812.0935483870968,235.32099816065366,858.8412922754231,0.033466537421824864,0.009257488466348112,0.11492391415836603,illustrative
2023-07-01,825.0333333333333,229.4796669129723,841.2533823522858,0.03278118792721114,0.009067907603475025,0.11257042758475645,illustrative
2023-08-01,838.0645161290322,224.15572802856983,825.218864658617,0.03215636959201634,0.008895070824494221,0.110424804695438,illustrative
2023-09-01,850.5451612903225,219.02836644384425,809.7469590982141,0.03155347460887886,0.00872829846670693,0.10835446648221676,illustrative
2023-10-01,862.5533333333334,214.25562007882377,795.3320056786099,0.030991765964464568,0.008572919043028572,0.10642556194037488,illustrative
2023-11-01,874.5612903225806,209.9541751238506,782.3818538670328,0.03048713636162815,0.008433328780995985,0.10469266652824531,illustrative
2023-12-01,885.7733333333333,206.11420511015652,770.9339963004685,0.030041046778957872,0.008309931815409847,0.10316079723864538,illustrative
2024-01-01,896.9225806451612,202.29215975069897,759.4687296216191,0.029594278814014864,0.008186347196228525,0.1016265983878753,illustrative
2024-02-01,907.4483870967742,198.94449454719168,749.4428646495771,0.029203600130664597,0.008078277952028654,0.10028500983621443,illustrative
2024-03-01,917.2206896551725,195.94820562919048,740.4681515846946,0.02885388176786875,0.007981539120961499,0.09908407881072553,illustrative
2024-04-01,927.1,193.2260493571692,732.2846309061313,0.02853499386215824,0.007893328587796275,0.09798901941333131,illustrative
2024-05-01,936.0466666666666,190.8309679972494,725.0803852096267,0.028254265443105032,0.007815673703193055,0.0970249994931813,illustrative
2024-06-01,944.6967741935484,188.41872510141752,717.8107891506963,0.027970990511245186,0.007737314404128315,0.09605223486139575,illustrative
2024-07-01,952.5600000000001,186.61075533749997,712.3296106267037,0.02775740498870597,0.007678232537170778,0.0953187832960791,illustrative
2024-08-01,960.0935483870968,185.00040458346407,707.4456647063217,0.027567091876864798,0.007625588266995533,0.09466524906716353,illustrative
2024-09-01,966.8645161290323,183.41833144959216,702.653448947121,0.027380353221561158,0.0075739327603052175,0.09402398950326944,illustrative
2024-10-01,973.0,182.2724865387464,699.1453035461757,0.02724365103875055,0.00753611830508558,0.09355455492374995,illustrative
2024-11-01,978.7064516129033,181.34872751344636,696.314611500302,0.02713334723508514,0.00750560614969418,0.09317577223990058,illustrative
2024-12-01,983.6066666666667,180.69171330470343,694.2897626567258,0.027054444788024698,0.007483780214001402,0.09290482165010498,illustrative
2025-01-01,987.9935483870968,180.31974168567322,693.1228220723955,0.027008972520813294,0.007471201709570472,0.09274867012275331,illustrative
2025-02-01,991.6096774193549,180.18939974620199,692.6956312780055,0.026992326142914025,0.007466597001008409,0.09269150654826606,illustrative
2025-03-01,994.45,180.13894748997802,692.5069141505014,0.026984972387491972,0.0074645628107022554,0.09266625379067678,illustrative
2025-04-01,996.9516129032257,180.5292101031926,693.6479677683304,0.0270294359152064,0.007476862278370548,0.09281894131188112,illustrative
2025-05-01,998.5933333333334,180.97284656088047,694.955651432994,0.027080392529301448,0.007490957858720652,0.09299392605769598,illustrative
2025-06-01,999.583870967742,181.77986808734113,697.3477872073619,0.02717360707561054,0.007516742796566943,0.09331402432132305,illustrative
2025-07-01,999.9,182.76844852933277,700.2938880217886,0.027288408022003392,0.007548498948204684,0.09370825016973566,illustrative
2025-08-01,999.516129032258,184.0915880808797,704.2382853947445,0.02744210967034734,0.007591015782822743,0.0942360608248278,illustrative
2025-09-01,998.4870967741936,185.6544028929889,708.8970240612225,0.02762364711308849,0.007641232533997323,0.09485945945203408,illustrative
2025-10-01,996.78,187.42288047083875,714.1698180205208,0.027829112497605477,0.007698068214468985,0.09556502650592795,illustrative
2025-11-01,994.3193548387096,189.53931763966878,720.5029284389634,0.02807589531850807,0.007766333093186575,0.09641247741988697,illustrative
2025-12-01,991.34,191.83136741907134,727.4118562413129,0.028345116061527325,0.007840804733081332,0.09733698004083097,illustrative
2026-01-01,987.6064516129031,194.43138634918367,735.273951624241,0.028651478961999446,0.007925550608697015,0.09838902863586144,illustrative
2026-02-01,983.2225806451613,197.39739552137823,744.2557715690853,0.029001474259155967,0.008022366045139194,0.09959091065249387,illustrative
2026-03-01,978.45,200.3565199374938,753.2202978742146,0.029350795673668634,0.008118995072670155,0.10079047855965813,illustrative
2026-04-01,972.5096774193548,203.8551314981894,763.8136235022253,0.029763586641848704,0.008233181000505272,0.10220800058156704,illustrative
2026-05-01,966.3333333333333,207.5529794106587,774.9904821708669,0.030199116188758986,0.008353656856924355,0.1037036067636965,illustrative
2026-06-01,959.4064516129032,211.71902010443958,787.5582505121869,0.03068884542428428,0.008489125390533463,0.1053853343925503,illustrative
2026-07-01,952.04,216.08495100515557,800.6990994880149,0.031200905938793252,0.008630771185776315,0.10714374751642906,illustrative
2026-08-01,943.9032258064516,220.931406976111,815.2391660646406,0.03176748987761767,0.008787499209735693,0.10908939379373121,illustrative
2026-09-01,935.3193548387097,226.27590122857694,831.2296854418959,0.0323905937268929,0.008959861728908078,0.11122912914738496,illustrative
2026-10-01,926.34,231.74321729399904,847.5221519032468,0.033025463572377435,0.009135478949121974,0.11340926887037338,illustrative
2026-11-01,916.5709677419355,237.8594605601463,865.687853808455,0.03373332793343262,0.009331287857453607,0.11584007137737615,illustrative
2026-12-01,906.6066666666667,244.12125895682303,884.3307517454957,0.03445978723047951,0.009532240483024519,0.11833472879714606,illustrative
2027-01-01,895.8774193548387,251.04421846404435,905.0249412555976,0.03526617937054449,0.009755304071644749,0.1211038751810314,illustrative
2027-02-01,884.858064516129,258.390161895185,926.975896598163,0.036121544005459125,0.009991914395038414,0.12404119285563864,illustrative
2027-03-01,874.0,265.4528803029433,948.0579424945648,0.036943049776393,0.010219158704887425,0.12686223936873972,illustrative
2027-04-01,861.5645161290323,273.6881657368402,972.572161433888,0.037898297309177625,0.010483398560531836,0.1301425543912954,illustrative
2027-05-01,849.54,282.2030349600611,997.9508739957748,0.038887231634191124,0.010756956831362026,0.13353854968186274,illustrative
2027-06-01,836.8354838709678,291.381807594722,1025.3661129649067,0.039955523446823835,0.011052466910862868,0.13720705816912027,illustrative
2027-07-01,824.1666666666667,300.810960602894,1053.5401416706454,0.04105338307989536,0.011356156018664049,0.14097710239684386,illustrative
2027-08-01,810.8064516129032,311.18747140046383,1084.533563513436,0.0422611062311473,0.011690235490416187,0.1451244173703682,illustrative
2027-09-01,797.3967741935484,322.1710703556449,1117.3575261521275,0.043540160212203506,0.012044046442777893,0.1495166820397021,illustrative
2027-10-01,783.9933333333333,333.36643072873454,1151.0538756349044,0.04485320856128382,0.012407260891711035,0.15402568319071697,illustrative
2027-11-01,770.0322580645161,345.58828082213336,1188.0294396054576,0.04629403832394591,0.012805822139374399,0.15897348504645992,illustrative
2027-12-01,756.28,357.82582144672995,1225.1565055380347,0.047740771675696174,0.013206016433420939,0.16394155979619982,illustrative
2028-01-01,741.9677419354839,371.1406681273676,1265.6047926398624,0.0493169233187496,0.013642010318084584,0.16935405628018654,illustrative
2028-02-01,727.8129032258064,385.19920837907375,1308.3078053369493,0.050980935034657414,0.014102307990165798,0.17506826379401183,illustrative
2028-03-01,714.0034482758621,398.72943028536747,1349.4359041303292,0.052583576954342556,0.014545629595271434,0.18057172774915597,illustrative
2028-04-01,699.3129032258064,413.825088703513,1395.3326212658417,0.0543720380068905,0.015040352349459865,0.18671329363295014,illustrative
2028-05-01,685.2733333333333,429.17193197280943,1441.9660855372024,0.05618920794408809,0.01554301653377523,0.19295344567621078,illustrative
2028-06-01,670.8129032258064,445.36798358885613,1491.0255435326828,0.0581009117730345,0.0160718306122823,0.1995182266084258,illustrative
2028-07-01,656.88,461.90348654549285,1540.981376963742,0.06004754473537095,0.01661030676145484,0.2062029540016908,illustrative
2028-08-01,642.5677419354839,479.45215689931905,1594.5522285660466,0.06213504440031792,0.017187749352188753,0.21337141691364805,illustrative
2028-09-01,628.6322580645161,497.61562435773624,1650.5842302864785,0.06431844789903467,0.017791720789448136,0.22086921308828195,illustrative
2028-10-01,615.0933333333334,515.5276690168307,1706.246978970925,0.06648746268512426,0.018391712031818736,0.2283175984991439,illustrative
2028-11-01,601.2967741935485,534.7347558079517,1766.3297938256085,0.06882871454367834,0.019039347363917537,0.2363574451144115,illustrative
2028-12-01,588.1066666666667,553.377253787102,1824.9154694056813,0.07111162725621084,0.019670844965225004,0.24419695540790937,illustrative
2029-01-01,574.7709677419355,572.9583417498974,1886.6040104771523,0.07351544957685921,0.02033578849159174,0.25245166866217034,illustrative
2029-02-01,561.9354838709678,592.6712911173777,1948.8058327164601,0.07593927296588407,0.021006264698482786,0.2607750654804403,illustrative
2029-03-01,550.05,610.6455291820212,2005.639776021172,0.07815392578654402,0.021618880299726754,0.2683801716628962,illustrative
2029-04-01,537.2645161290322,630.627015793297,2068.9648687915656,0.08062151974831791,0.022301464289603595,0.27685387639865006,illustrative
2029-05-01,525.6133333333333,649.608546560397,2129.1773024878958,0.08296782247465581,0.02295049678895828,0.2849110676674232,illustrative
2029-06-01,514.0580645161291,668.9495170986921,2190.570315090233,0.0853601289137782,0.023612254800819497,0.29312623544486144,illustrative
2029-07-01,503.24,687.4894106749019,2249.519534162489,0.08765720785468724,0.02424767105358932,0.30101439249238043,illustrative
2029-08-01,492.5516129032258,706.1110048948829,2308.8996994597505,0.08997107951166114,0.024887732494874745,0.3089602156388804,illustrative
2029-09-01,482.47096774193545,724.074517063708,2366.1153507004633,0.09220060637603475,0.025504462542928406,0.3166163992095162,illustrative
2029-10-01,473.04,740.5721850826252,2418.600586046536,0.09424580274537672,0.026070203227778966,0.32363959282601434,illustrative
2029-11-01,463.81935483870967,757.003593433795,2470.830126293458,0.09628103542331104,0.0266331877637897,0.33062857117842365,illustrative
2029-12-01,455.4266666666667,771.1897980706368,2515.8987757048435,0.09803722909453191,0.02711898473917079,0.33665933104380563,illustrative
2030-01-01,447.3225806451613,785.4866087913464,2560.5870924180003,0.09977860231103952,0.02760068209149126,0.3426391975453546,illustrative
2030-02-01,439.9064516129032,797.700010668319,2598.7558342968973,0.10126592673281926,0.0280121046568674,0.34774666181689834,illustrative
2030-03-01,433.45,807.2466680444884,2628.623730338368,0.1024297914300263,0.028334052035975627,0.35174336708902926,illustrative
2030-04-01,426.9096774193548,816.4929181755206,2657.7219548683042,0.10356366427579941,0.028647703091647863,0.3556370805004786,illustrative
2030-05-01,421.37333333333333,823.5809387616384,2680.156261963787,0.10443786371718222,0.028889523485072004,0.3586390768018125,illustrative
2030-06-01,416.3225806451613,829.2469232765832,2698.0998897041245,0.1051370744964687,0.02908293864610894,0.36104016295436203,illustrative
2030-07-01,412.06666666666666,833.5440970689754,2711.8709630809276,0.10567369301568597,0.02923137765818442,0.3628829081377372,illustrative
2030-08-01,408.39032258064515,835.7243392548144,2719.2319486413785,0.10596052912957107,0.029310722048748458,0.3638679018499386,illustrative
2030-09-01,405.41935483870964,833.6802148595921,2714.7596689569737,0.10578625744891809,0.029262515147230057,0.36326945381167414,illustrative
2030-10-01,403.08,833.5267525208495,2714.3246713696412,0.105769306863093,0.029257826288899832,0.3632112455887635,illustrative
2030-11-01,401.38709677419354,827.477692392121,2695.05896663495,0.10501857860368068,0.029050160401172267,0.360633248679388,illustrative
2030-12-01,400.4266666666667,824.3393547370132,2685.0566659344076,0.1046288181511852,0.028942345157302356,0.35929481332767155,illustrative
2031-01-01,400.1,815.3599680923854,2656.285130875208,0.1035076754401833,0.028632215501957086,0.3554448151323269,illustrative
2031-02-01,400.48387096774195,805.0389692921433,2623.134239057203,0.10221588198361259,0.02827488056543901,0.3510088031708249,illustrative
2031-03-01,401.45000000000005,795.8429151779278,2593.457660679822,0.101059472377145,0.027954995407936386,0.3470376986412321,illustrative
2031-04-01,403.2516129032258,783.4447854924813,2553.5810428939076,0.09950559701811049,0.02752516357224061,0.3417016987998495,illustrative
2031-05-01,405.64,770.19907593876,2510.8257618812304,0.09783954855856282,0.027064302497662236,0.33598049711903655,illustrative
2031-06-01,408.7096774193548,753.568139683453,2457.2579358100766,0.09575216678973053,0.026486892519263096,0.3288124390617194,illustrative
2031-07-01,412.3333333333333,738.3469391880308,2408.106898264155,0.0938368943731074,0.025957091300710958,0.32223540361812014,illustrative
2031-08-01,416.7774193548387,722.3289745813704,2356.331002791184,0.09181933890741256,0.025398996621883885,0.31530712871992134,illustrative
2031-09-01,421.80645161290323,704.0349202088629,2297.3222435835223,0.08951993986127851,0.02476293858334787,0.30741100444321606,illustrative
2031-10-01,427.4,684.9184943038174,2235.6861645912145,0.08711816183467064,0.024098560548064463,0.2991633112839791,illustrative
2031-11-01,433.76451612903224,666.3458229808047,2175.7373723659434,0.08478213244665088,0.02345236985184562,0.29114139860516325,illustrative
2031-12-01,440.4866666666667,647.195930700802,2113.83456355141,0.08236996073769762,0.022785116723951865,0.28285801359521,illustrative
2032-01-01,448.07741935483875,626.1974890735945,2046.1738389455966,0.07973341986294649,0.022055798765795047,0.27380414604549075,illustrative
2032-02-01,456.0967741935484,607.5633327599526,1986.4949041261777,0.07740790603007382,0.021412516874549488,0.2658183437279537,illustrative
2032-03-01,464.40344827586205,588.640495760158,1926.663486278277,0.07507645037881774,0.020767591361961806,0.25781213723722024,illustrative
2032-04-01,473.8,568.4455505822921,1865.6262026190298,0.07269800565791154,0.020109667768190898,0.24964457052750771,illustrative
2032-05-01,483.28,549.2901626493407,1807.3320398145975,0.07042645234705508,0.01948131239605028,0.24184406835984765,illustrative
2032-06-01,493.54838709677415,530.3899675064964,1749.3722451858637,0.06816792838768104,0.018856561193338735,0.23408830891691093,illustrative
2032-07-01,503.96,512.3064552796696,1693.762425753912,0.06600097610001263,0.018257140477733576,0.2266470061148208,illustrative
2032-08-01,515.141935483871,493.44232878307395,1635.9147378930209,0.06374682061403988,0.017633597678855934,0.21890624798665537,illustrative
2032-09-01,526.5612903225806,474.5644991953968,1577.8259730153181,0.06148327106064487,0.017007456300097822,0.21113323068018228,illustrative
2032-10-01,538.2533333333333,457.7773174747364,1525.941613989907,0.05946148908701514,0.016448192487817617,0.20419044197587996,illustrative
2032-11-01,550.6451612903226,440.77903683595184,1473.2972875707792,0.05741009340308766,0.015880736953218743,0.19714595994557646,illustrative
2032-12-01,562.9733333333334,425.05648268668006,1424.840502726068,0.05552187398707618,0.015358419115393622,0.19066182436433327,illustrative
2033-01-01,576.0290322580645,409.2437694375006,1376.5726341505044,0.05364101608645513,0.01483813761443129,0.18420296818837,illustrative
2033-02-01,589.1935483870968,394.27885916242,1331.9753887378047,0.05190319165260643,0.014357421923706721,0.1782352881878781,illustrative
2033-03-01,601.95,381.06602889569916,1292.4587883502136,0.05036334512036668,0.013931470731550837,0.1729474632642046,illustrative
2033-04-01,616.2129032258065,367.1768904496511,1251.0519168723963,0.04874984024315979,0.01348514422328775,0.16740669596984728,illustrative
2033-05-01,629.76,354.3824477293923,1212.8524356390456,0.04726131799849312,0.013073390317043541,0.16229511838078575,illustrative
2033-06-01,643.9322580645161,341.8421973206822,1175.5999861001935,0.04580969881371501,0.012671844507531461,0.1573102657060276,illustrative
2033-07-01,657.8199999999999,330.10986473683397,1140.9453663017046,0.044459309468493226,0.012298300820268568,0.15267303576991137,illustrative
2033-08-01,672.1870967741936,318.305847402715,1105.864466368125,0.04309230923110602,0.011920162240480677,0.14797876411713198,illustrative
2033-09-01,686.441935483871,307.57341867181793,1073.7628005582026,0.04184140104842613,0.011574136957743553,0.14368315197195233,illustrative
2033-10-01,700.4733333333334,297.55479039000403,1043.7117485925767,0.040670399299653326,0.011250215332787266,0.13966193810213917,illustrative
2033-11-01,714.941935483871,287.8382711195005,1015.1222564762512,0.03955635027058646,0.010942047926415344,0.13583629957339202,illustrative
2033-12-01,728.9733333333334,278.9250216951976,989.0009704884214,0.038538480027410546,0.0106604854236183,0.13234093849146492,illustrative
2034-01-01,743.3322580645162,270.1903763705326,963.2553176326941,0.037535247110578235,0.010382971887049702,0.12889584191150935,illustrative
2034-02-01,757.4322580645161,262.2912116709606,939.817650589022,0.03662194966173389,0.010130336232143022,0.1257595832574069,illustrative
2034-03-01,770.7,255.3434639920295,919.0866333691856,0.035814122453354094,0.00990687567600251,0.12298550885644753,illustrative
2034-04-01,785.1129032258065,248.07921559539002,897.2917968767322,0.03496484131417554,0.009671948164633942,0.1200690818743235,illustrative
2034-05-01,798.5,241.59300065244236,877.6956217374297,0.03420123558803892,0.00946072012172511,0.11744686381168837,illustrative
2034-06-01,812.0935483870968,235.32099816065366,858.8412922754231,0.033466537421824864,0.009257488466348112,0.11492391415836603,illustrative
2034-07-01,825.0333333333333,229.46559070537282,841.2105668713557,0.032779519532936584,0.00906744609350286,0.11256469832755919,illustrative
2034-08-01,838.0645161290322,224.1286147808679,825.1355543304753,0.032153123231787206,0.008894172818763901,0.11041365671142049,illustrative
2034-09-01,850.5451612903225,218.9487756612591,809.5009215026168,0.03154388724218575,0.008725646416527209,0.10832154351522573,illustrative
2034-10-01,862.5533333333334,214.20571294311068,795.1851672336235,0.03098604409901829,0.00857133626490285,0.10640591308441212,illustrative
2034-11-01,874.5612903225806,209.91818057725192,782.2774402500711,0.030483067667853383,0.008432203301977395,0.10467869465514071,illustrative
2034-12-01,885.7733333333333,206.04449989536397,770.7301819565259,0.030033104729093707,0.008307734891536607,0.10313352428102426,illustrative
2035-01-01,896.9225806451612,202.26115009972224,759.3773633034888,0.02959071853537864,0.008185362354624012,0.10161437240969257,illustrative
2035-02-01,907.4483870967742,198.80710991822818,749.0280330018231,0.02918743535262215,0.008073806463257564,0.10022950007311217,illustrative
2035-03-01,917.05,195.95435657645908,740.4866124884084,0.028854601135382317,0.007981738111863245,0.099086549114998,illustrative
2035-04-01,927.1,193.2260493571692,732.2846309061313,0.02853499386215824,0.007893328587796275,0.09798901941333131,illustrative
2035-05-01,936.0466666666666,190.8309679972494,725.0803852096267,0.028254265443105032,0.007815673703193055,0.0970249994931813,illustrative
2035-06-01,944.6967741935484,188.86571159692593,719.122103770745,0.028022088613069533,0.0077514491227079155,0.09622770547533169,illustrative
2035-07-01,952.5600000000001,187.36655441673113,714.55591048274,0.027844157393503426,0.007702229922281691,0.09561669059961365,illustrative
2035-08-01,960.0935483870968,186.27782564202633,711.2322861522272,0.027714645458022883,0.007666404427882513,0.09517194729175228,illustrative
2035-09-01,966.8645161290323,185.48707421861957,708.8106053441783,0.02762027962802004,0.007640301022804849,0.09484789552595298,illustrative
2035-10-01,973.0,184.87710078593113,706.9198115979349,0.02754660091667402,0.0076199200729651926,0.09459488321723093,illustrative
2035-11-01,978.7064516129033,184.56758183175015,705.9530863618813,0.027508930456974428,0.00760949969867324,0.0944655230559972,illustrative
2035-12-01,983.6066666666667,184.42275348494698,705.493183440853,0.027491009383016487,0.007604542384644035,0.09440398218192324,illustrative
