date,n_samples,dose_eq60_median_uSv_min,phi_MV,H_model_mSv_day,H_iss_mSv_day
2010-05-01,5571,0.25,448.8,6.8346163471169135,0.36
2010-06-01,7151,0.272,454.3,6.7114606612523335,0.39168000000000003
2010-10-01,5806,0.215,472.5,6.322490124509143,0.30960000000000004
2010-11-01,7142,0.233,484.4,6.082361281715415,0.33552000000000004
2010-12-01,7200,0.238,493.7,5.901839400243995,0.34271999999999997
2011-01-01,1875,0.227,478.8,6.19404192019547,0.32688
2011-02-01,6765,0.244,476.6,6.23855307422951,0.35136
2011-03-01,6846,0.2735,509.1,5.630588108036067,0.39384
2011-04-01,7149,0.215,560.7,4.8625214950283455,0.30960000000000004
2011-05-01,7166,0.22,525.6,5.367144560935449,0.3168
2011-06-01,7151,0.216,592.1,4.473686637516355,0.31104000000000004
2011-07-01,7200,0.213,566.2,4.791473490587761,0.30672
2011-08-01,2642,0.2355,559.5,4.878199698578797,0.33912
2011-09-01,7041,0.247,562.5,4.839123825163056,0.35568
2011-10-01,7200,0.207,583.7,4.573853102620079,0.29808
2011-11-01,3073,0.285,548.1,5.031788851161323,0.4104
2011-12-01,7173,0.28,510.9,5.601070533946611,0.40320000000000006
2012-01-01,2465,0.23,534.7,5.228368261409418,0.3312
2012-02-01,7200,0.203,570.4,4.738095457806954,0.29231999999999997
2012-03-01,7200,0.244,648.5,3.900026581972319,0.35136
2012-04-01,7150,0.217,557.3,4.907110521176181,0.31248000000000004
2012-05-01,7153,0.217,552.8,4.966932041532287,0.31248000000000004
2012-06-01,7075,0.208,587.9,4.523436402088413,0.29952
2012-07-01,7064,0.216,661.6,3.7815319061632784,0.31104000000000004
2012-08-01,6864,0.204,649.6,3.8899027704209996,0.29375999999999997
2012-09-01,4269,0.208,609.8,4.278489613720398,0.29952
2012-10-01,7124,0.217,612.3,4.252639622265377,0.31248000000000004
2012-11-01,7151,0.214,607.5,4.302455792513004,0.30816
2012-12-01,7200,0.2015,594.2,4.449056861237489,0.29016000000000003
2013-01-01,7100,0.208,573.6,4.697923269907548,0.29952
2013-02-01,7200,0.21,568.6,4.760880231440039,0.3024
2013-03-01,7200,0.2165,604.4,4.335041477419205,0.31176
2013-04-01,6607,0.213,598.7,4.3968177762533305,0.30672
2013-05-01,7200,0.211,673.7,3.675933543990574,0.30384
2013-06-01,2162,0.221,682.6,3.600486186937523,0.31824
2013-07-01,2640,0.206,657.1,3.821733127317329,0.29663999999999996
2013-08-01,7200,0.215,645.0,3.9324570972309063,0.30960000000000004
2013-09-01,7006,0.203,635.1,4.0260360244974205,0.29231999999999997
2013-10-01,7163,0.21,603.2,4.347743749285051,0.3024
2013-11-01,7200,0.2105,615.7,4.217813230938259,0.30312
2013-12-01,7074,0.206,639.8,3.9812640810651105,0.29663999999999996
2014-01-01,502685,0.203,641.6,3.964283826921047,0.29231999999999997
2014-02-01,462500,0.203,682.6,3.600486186937523,0.29231999999999997
2014-03-01,432469,0.203,665.6,3.7462263359379446,0.29231999999999997
2014-04-01,388383,0.204,653.0,3.8588155946897054,0.29375999999999997
2014-05-01,345632,0.205,629.3,4.082172381655082,0.29519999999999996
2014-06-01,301233,0.205,666.0,3.7427176347441193,0.29519999999999996
2014-07-01,258501,0.205,645.9,3.9240858713481575,0.29519999999999996
2014-08-01,214254,0.205,618.6,4.188403687132288,0.29519999999999996
2014-09-01,170198,0.204,647.6,3.9083340034708147,0.29375999999999997
2014-10-01,127349,0.203,646.3,3.920372454491292,0.29231999999999997
2014-11-01,83025,0.202,658.0,3.8136514695071217,0.29087999999999997
2014-12-01,40123,0.2,715.3,3.3486493167110005,0.288
2015-01-01,7147,0.195,677.3,3.64519456679761,0.2808
2015-02-01,7094,0.192,673.6,3.6767917556955334,0.27648
2015-03-01,7163,0.197,715.9,3.344451573676153,0.28368
2015-04-01,7158,0.196,692.7,3.517030939228767,0.28224
2015-05-01,7200,0.196,654.7,3.8433866831793444,0.28224
2015-06-01,7050,0.201,662.3,3.7753245598007945,0.28944
2015-07-01,7113,0.207,627.6,4.098815751361979,0.29808
2015-08-01,7145,0.208,619.5,4.179331135692233,0.29952
2015-09-01,7154,0.208,621.8,4.156261802005853,0.29952
2015-10-01,961,0.189,617.1,4.203581876709683,0.27216
2015-11-01,7098,0.2115,613.1,4.244411211431823,0.30456
2015-12-01,7095,0.207,595.8,4.430399348600998,0.29808
2016-01-01,7191,0.209,562.2,4.843013520803461,0.30096
2016-02-01,7157,0.214,536.2,5.20591303359764,0.30816
2016-03-01,7163,0.21,543.2,5.102637236599419,0.3024
2016-04-01,7200,0.211,542.1,5.118703516421878,0.30384
2016-05-01,4764,0.21,527.1,5.343962463315194,0.3024
2016-06-01,7132,0.219,508.7,5.637174399318422,0.31536000000000003
2016-07-01,7043,0.218,516.2,5.51528668194665,0.31392000000000003
2016-08-01,7163,0.217,500.2,5.779493784347331,0.31248000000000004
2016-09-01,7200,0.219,497.2,5.835436340336427,0.31536000000000003
2016-10-01,7088,0.218,477.1,6.228404845436678,0.31392000000000003
2016-11-01,6018,0.225,470.5,6.36390888131165,0.324
2016-12-01,5895,0.226,464.0,6.500728809229109,0.32544
2017-02-01,5256,0.232,447.9,6.855031607561475,0.33408000000000004
2017-03-01,7145,0.227,439.5,7.049262706495314,0.32688
2017-05-01,7089,0.227,452.3,6.755928844539701,0.32688
2017-06-01,7099,0.235,440.5,7.025783511467316,0.3384
2017-07-01,7172,0.233,456.1,6.671742493718193,0.33552000000000004
2017-08-01,7155,0.228,478.4,6.20210778271619,0.32832
2017-09-01,7200,0.231,497.5,5.829782595861157,0.33264000000000005
2017-10-01,7062,0.229,478.3,6.204126121283714,0.32976
2017-11-01,7082,0.227,450.8,6.78951563355341,0.32688
2017-12-01,7200,0.232,444.3,6.937448753679043,0.33408000000000004
2018-01-01,7160,0.231,436.2,7.12744711479385,0.33264000000000005
2018-02-01,3693,0.23,432.3,7.221266235794786,0.3312
2018-03-01,7200,0.231,435.6,7.141779789278051,0.33264000000000005
2018-04-01,7079,0.23,425.7,7.383660731572547,0.3312
